{"cameraMode":{"drawMode":0,"name":"Shaded","section":"Shading Mode"},"sceneLighting":true,"audioPlay":false,"sceneViewState":{"showFog":true,"showMaterialUpdate":false,"showSkybox":true,"showFlares":true,"showImageEffects":true,"showParticleSystems":true},"in2DMode":false,"pivot":{"x":-90.57848358154297,"y":26.48961067199707,"z":261.5216064453125},"rotation":{"x":-0.1099909171462059,"y":0.6646020412445068,"z":-0.09943806380033493,"w":-0.7324814200401306},"size":190.34652709960938,"orthographic":false}