{"cameraMode":{"drawMode":0,"name":"Shaded","section":"Shading Mode"},"sceneLighting":true,"audioPlay":false,"sceneViewState":{"showFog":true,"showMaterialUpdate":false,"showSkybox":true,"showFlares":true,"showImageEffects":true,"showParticleSystems":true},"in2DMode":false,"pivot":{"x":-13.224238395690918,"y":9.95867919921875,"z":335.75897216796877},"rotation":{"x":0.20469814538955689,"y":-0.7774952054023743,"z":0.3157863914966583,"w":0.5039648413658142},"size":84.67050170898438,"orthographic":false}